what,kind,bundleId,bundleVersion,description,time
executed,command,org.eclipse.ui,3.7.0.I20110602-0100,"org.eclipse.ui.file.refresh",1362228572648
deactivated,workbench,org.eclipse.ui.workbench,3.7.0.I20110519-0100,"",1362228577422
activated,workbench,org.eclipse.ui.workbench,3.7.0.I20110519-0100,"",1362228621233
deactivated,workbench,org.eclipse.ui.workbench,3.7.0.I20110519-0100,"",1362228626057
activated,workbench,org.eclipse.ui.workbench,3.7.0.I20110519-0100,"",1362231112626
deactivated,workbench,org.eclipse.ui.workbench,3.7.0.I20110519-0100,"",1362231116120
activated,workbench,org.eclipse.ui.workbench,3.7.0.I20110519-0100,"",1362231867892
activated,view,org.eclipse.jdt.ui,3.7.1.r371_v20110824-0800,"org.eclipse.jdt.ui.PackageExplorer",1362231870311
deactivated,workbench,org.eclipse.ui.workbench,3.7.0.I20110519-0100,"",1362231875748
activated,workbench,org.eclipse.ui.workbench,3.7.0.I20110519-0100,"",1362231886365
deactivated,workbench,org.eclipse.ui.workbench,3.7.0.I20110519-0100,"",1362231886820
activated,workbench,org.eclipse.ui.workbench,3.7.0.I20110519-0100,"",1362231930995
deactivated,workbench,org.eclipse.ui.workbench,3.7.0.I20110519-0100,"",1362231932743
activated,workbench,org.eclipse.ui.workbench,3.7.0.I20110519-0100,"",1362231953192
activated,editor,org.eclipse.jdt.ui,3.7.1.r371_v20110824-0800,"org.eclipse.jdt.ui.CompilationUnitEditor",1362231961924
closed,editor,org.eclipse.jdt.ui,3.7.1.r371_v20110824-0800,"org.eclipse.jdt.ui.CompilationUnitEditor",1362231961932
activated,view,org.eclipse.jdt.ui,3.7.1.r371_v20110824-0800,"org.eclipse.jdt.ui.PackageExplorer",1362231962808
closed,editor,org.eclipse.jdt.ui,3.7.1.r371_v20110824-0800,"org.eclipse.jdt.ui.CompilationUnitEditor",1362231962808
deactivated,workbench,org.eclipse.ui.workbench,3.7.0.I20110519-0100,"",1362231967374
activated,workbench,org.eclipse.ui.workbench,3.7.0.I20110519-0100,"",1362231969404
closed,workbench,org.eclipse.ui.workbench,3.7.0.I20110519-0100,"",1362231969521
error,log,,,"Problems saving workspace",1362231972186
error,log,,,"Problems occurred while trying to save the state of the workbench.",1362231972187
activated,perspective,org.eclipse.jdt.ui,,"org.eclipse.jdt.ui.JavaPerspective",1362231982586
started,bundle,org.eclipse.osgi,3.7.1.R37x_v20110808-1106,"org.eclipse.osgi",1362231982588
started,bundle,org.eclipse.equinox.simpleconfigurator,1.0.200.v20110502-1955,"org.eclipse.equinox.simpleconfigurator",1362231982589
started,bundle,com.ibm.icu,4.4.2.v20110208,"com.ibm.icu",1362231982589
started,bundle,org.eclipse.core.contenttype,3.4.100.v20110423-0524,"org.eclipse.core.contenttype",1362231982590
started,bundle,org.eclipse.core.databinding.observable,1.4.0.I20110222-0800,"org.eclipse.core.databinding.observable",1362231982590
started,bundle,org.eclipse.core.expressions,3.4.300.v20110228,"org.eclipse.core.expressions",1362231982591
started,bundle,org.eclipse.core.filebuffers,3.5.200.v20110505-0800,"org.eclipse.core.filebuffers",1362231982591
started,bundle,org.eclipse.core.filesystem,1.3.100.v20110423-0524,"org.eclipse.core.filesystem",1362231982592
started,bundle,org.eclipse.core.jobs,3.5.100.v20110404,"org.eclipse.core.jobs",1362231982593
started,bundle,org.eclipse.core.net,1.2.100.I20110511-0800,"org.eclipse.core.net",1362231982593
started,bundle,org.eclipse.core.resources,3.7.100.v20110510-0712,"org.eclipse.core.resources",1362231982594
started,bundle,org.eclipse.core.runtime,3.7.0.v20110110,"org.eclipse.core.runtime",1362231982595
started,bundle,org.eclipse.core.runtime.compatibility,3.2.100.v20100505,"org.eclipse.core.runtime.compatibility",1362231982595
started,bundle,org.eclipse.core.runtime.compatibility.auth,3.2.200.v20110110,"org.eclipse.core.runtime.compatibility.auth",1362231982596
started,bundle,org.eclipse.epp.mpc.ui,1.1.1.I20110907-0947,"org.eclipse.epp.mpc.ui",1362231982596
started,bundle,org.eclipse.epp.usagedata.gathering,1.3.1.R201106061540,"org.eclipse.epp.usagedata.gathering",1362231982596
started,bundle,org.eclipse.epp.usagedata.recording,1.3.1.R201106061540,"org.eclipse.epp.usagedata.recording",1362231982597
started,bundle,org.eclipse.equinox.app,1.3.100.v20110321,"org.eclipse.equinox.app",1362231982597
started,bundle,org.eclipse.equinox.common,3.6.0.v20110523,"org.eclipse.equinox.common",1362231982598
started,bundle,org.eclipse.equinox.ds,1.3.1.R37x_v20110701,"org.eclipse.equinox.ds",1362231982598
started,bundle,org.eclipse.equinox.event,1.2.100.v20110502,"org.eclipse.equinox.event",1362231982599
started,bundle,org.eclipse.equinox.p2.core,2.1.0.v20110502-1955,"org.eclipse.equinox.p2.core",1362231982600
started,bundle,org.eclipse.equinox.p2.directorywatcher,1.0.300.v20110502-1955,"org.eclipse.equinox.p2.directorywatcher",1362231982600
started,bundle,org.eclipse.equinox.p2.engine,2.1.0.v20110511,"org.eclipse.equinox.p2.engine",1362231982601
started,bundle,org.eclipse.equinox.p2.metadata,2.1.0.v20110510,"org.eclipse.equinox.p2.metadata",1362231982602
started,bundle,org.eclipse.equinox.p2.metadata.repository,1.2.0.v20110511-1359,"org.eclipse.equinox.p2.metadata.repository",1362231982602
started,bundle,org.eclipse.equinox.p2.operations,2.1.0.v20110511-1821,"org.eclipse.equinox.p2.operations",1362231982603
started,bundle,org.eclipse.equinox.p2.reconciler.dropins,1.1.100.v20110510,"org.eclipse.equinox.p2.reconciler.dropins",1362231982603
started,bundle,org.eclipse.equinox.p2.repository,2.1.0.v20110601,"org.eclipse.equinox.p2.repository",1362231982604
started,bundle,org.eclipse.equinox.p2.ui.sdk.scheduler,1.0.100.v20110502-1955,"org.eclipse.equinox.p2.ui.sdk.scheduler",1362231982604
started,bundle,org.eclipse.equinox.p2.updatechecker,1.1.200.v20110502-1955,"org.eclipse.equinox.p2.updatechecker",1362231982604
started,bundle,org.eclipse.equinox.preferences,3.4.1.R37x_v20110725,"org.eclipse.equinox.preferences",1362231982605
started,bundle,org.eclipse.equinox.registry,3.5.101.R37x_v20110810-1611,"org.eclipse.equinox.registry",1362231982605
started,bundle,org.eclipse.equinox.security,1.1.1.R37x_v20110822-1018,"org.eclipse.equinox.security",1362231982605
started,bundle,org.eclipse.equinox.util,1.0.300.v20110502,"org.eclipse.equinox.util",1362231982606
started,bundle,org.eclipse.help,3.5.100.v20110426,"org.eclipse.help",1362231982606
started,bundle,org.eclipse.jdt.core,3.7.1.v_B76_R37x,"org.eclipse.jdt.core",1362231982606
started,bundle,org.eclipse.jdt.core.manipulation,1.4.0.v20110505-0800,"org.eclipse.jdt.core.manipulation",1362231982607
started,bundle,org.eclipse.jdt.ui,3.7.1.r371_v20110824-0800,"org.eclipse.jdt.ui",1362231982609
started,bundle,org.eclipse.jface,3.7.0.I20110522-1430,"org.eclipse.jface",1362231982609
started,bundle,org.eclipse.jsch.core,1.1.300.I20110514-0800,"org.eclipse.jsch.core",1362231982609
started,bundle,org.eclipse.jst.ws.jaxws.utils,1.0.0.v201004171919,"org.eclipse.jst.ws.jaxws.utils",1362231982609
started,bundle,org.eclipse.mylyn.bugzilla.core,3.6.2.v20110903-0100,"org.eclipse.mylyn.bugzilla.core",1362231982610
started,bundle,org.eclipse.mylyn.bugzilla.ui,3.6.0.v20110608-1400,"org.eclipse.mylyn.bugzilla.ui",1362231982610
started,bundle,org.eclipse.mylyn.commons.identity,0.8.0.v20110608-1400,"org.eclipse.mylyn.commons.identity",1362231982611
started,bundle,org.eclipse.mylyn.commons.net,3.6.0.v20110608-1400,"org.eclipse.mylyn.commons.net",1362231982611
started,bundle,org.eclipse.mylyn.commons.ui,3.6.1.v20110720-0100,"org.eclipse.mylyn.commons.ui",1362231982611
started,bundle,org.eclipse.mylyn.context.core,3.6.1.v20110720-0100,"org.eclipse.mylyn.context.core",1362231982611
started,bundle,org.eclipse.mylyn.context.ui,3.6.0.v20110608-1400,"org.eclipse.mylyn.context.ui",1362231982612
started,bundle,org.eclipse.mylyn.monitor.ui,3.6.0.v20110608-1400,"org.eclipse.mylyn.monitor.ui",1362231982612
started,bundle,org.eclipse.mylyn.tasks.ui,3.6.2.v20110826-0100,"org.eclipse.mylyn.tasks.ui",1362231982612
started,bundle,org.eclipse.mylyn.team.ui,3.6.1.v20110825-0100,"org.eclipse.mylyn.team.ui",1362231982613
started,bundle,org.eclipse.pde.launching,3.6.0.v20110506,"org.eclipse.pde.launching",1362231982613
started,bundle,org.eclipse.pde.ui,3.6.100.v20110603,"org.eclipse.pde.ui",1362231982615
started,bundle,org.eclipse.search,3.7.0.v20110505-0800,"org.eclipse.search",1362231982615
started,bundle,org.eclipse.team.core,3.6.0.I20110525-0800,"org.eclipse.team.core",1362231982616
started,bundle,org.eclipse.team.cvs.core,3.3.400.I20110510-0800,"org.eclipse.team.cvs.core",1362231982616
started,bundle,org.eclipse.team.cvs.ui,3.3.400.I20110510-0800,"org.eclipse.team.cvs.ui",1362231982616
started,bundle,org.eclipse.team.ui,3.6.100.I20110525-0800,"org.eclipse.team.ui",1362231982617
started,bundle,org.eclipse.ui,3.7.0.I20110602-0100,"org.eclipse.ui",1362231982618
started,bundle,org.eclipse.ui.console,3.5.100.v20110511,"org.eclipse.ui.console",1362231982618
started,bundle,org.eclipse.ui.editors,3.7.0.v20110517-0800,"org.eclipse.ui.editors",1362231982618
started,bundle,org.eclipse.ui.forms,3.5.100.v20110425,"org.eclipse.ui.forms",1362231982619
started,bundle,org.eclipse.ui.ide,3.7.0.v20110809-1737,"org.eclipse.ui.ide",1362231982619
started,bundle,org.eclipse.ui.intro,3.4.100.v20110425,"org.eclipse.ui.intro",1362231982639
started,bundle,org.eclipse.ui.intro.universal,3.2.500.v20110510,"org.eclipse.ui.intro.universal",1362231982639
started,bundle,org.eclipse.ui.net,1.2.100.I20110511-0800,"org.eclipse.ui.net",1362231982639
started,bundle,org.eclipse.ui.views,3.6.0.I20110412-0800,"org.eclipse.ui.views",1362231982640
started,bundle,org.eclipse.ui.views.log,1.0.200.v20110404,"org.eclipse.ui.views.log",1362231982640
started,bundle,org.eclipse.ui.workbench,3.7.0.I20110519-0100,"org.eclipse.ui.workbench",1362231982640
started,bundle,org.eclipse.ui.workbench.texteditor,3.7.0.v20110505-0800,"org.eclipse.ui.workbench.texteditor",1362231982641
started,bundle,org.eclipse.update.configurator,3.3.100.v20100512,"org.eclipse.update.configurator",1362231982641
started,bundle,org.eclipse.update.core,3.2.500.v20110330,"org.eclipse.update.core",1362231982642
started,bundle,org.eclipse.update.scheduler,3.2.300.v20100512,"org.eclipse.update.scheduler",1362231982642
started,bundle,org.eclipse.emf.common,2.7.0.v20120127-1122,"org.eclipse.emf.common",1362231982642
started,bundle,org.eclipse.emf.ecore,2.7.0.v20120127-1122,"org.eclipse.emf.ecore",1362231982642
started,bundle,org.eclipse.emf.ecore.xmi,2.7.0.v20120127-1122,"org.eclipse.emf.ecore.xmi",1362231982643
started,bundle,org.eclipse.wb.discovery.core,1.1.0.r37x201109091028,"org.eclipse.wb.discovery.core",1362231982643
started,bundle,org.eclipse.wb.discovery.ui,1.1.0.r37x201109091028,"org.eclipse.wb.discovery.ui",1362231982643
started,bundle,org.eclipse.wst.common.project.facet.core,1.4.201.v201201101553,"org.eclipse.wst.common.project.facet.core",1362231982643
started,bundle,org.eclipse.wst.web,1.1.501.v201201190400,"org.eclipse.wst.web",1362231982644
os,sysinfo,,,"win32",1362231982646
arch,sysinfo,,,"x86",1362231982646
ws,sysinfo,,,"win32",1362231982646
locale,sysinfo,,,"it_IT",1362231982646
processors,sysinfo,,,"4",1362231982646
java.runtime.name,sysinfo,,,"Java(TM) SE Runtime Environment",1362231982646
java.runtime.version,sysinfo,,,"1.7.0_15-b03",1362231982646
java.specification.name,sysinfo,,,"Java Platform API Specification",1362231982646
java.specification.vendor,sysinfo,,,"Oracle Corporation",1362231982646
java.specification.version,sysinfo,,,"1.7",1362231982646
java.vendor,sysinfo,,,"Oracle Corporation",1362231982646
java.version,sysinfo,,,"1.7.0_15",1362231982646
java.vm.info,sysinfo,,,"mixed mode",1362231982646
java.vm.name,sysinfo,,,"Java HotSpot(TM) Client VM",1362231982646
java.vm.specification.name,sysinfo,,,"Java Virtual Machine Specification",1362231982646
java.vm.specification.vendor,sysinfo,,,"Oracle Corporation",1362231982646
java.vm.specification.version,sysinfo,,,"1.7",1362231982646
java.vm.vendor,sysinfo,,,"Oracle Corporation",1362231982646
java.vm.version,sysinfo,,,"23.7-b01",1362231982646
activated,view,org.eclipse.jdt.ui,3.7.1.r371_v20110824-0800,"org.eclipse.jdt.ui.PackageExplorer",1362231988170
activated,view,org.eclipse.ui,3.7.0.I20110602-0100,"org.eclipse.ui.internal.introview",1362231990243
activated,view,org.eclipse.jdt.ui,3.7.1.r371_v20110824-0800,"org.eclipse.jdt.ui.PackageExplorer",1362231990248
closed,view,org.eclipse.ui,3.7.0.I20110602-0100,"org.eclipse.ui.internal.introview",1362231990260
started,bundle,org.eclipse.debug.core,3.7.0.v20110518,"org.eclipse.debug.core",1362231993201
started,bundle,org.eclipse.jdt.launching,3.6.1.v20110803_r371,"org.eclipse.jdt.launching",1362231993202
deactivated,workbench,org.eclipse.ui.workbench,3.7.0.I20110519-0100,"",1362231994163
started,bundle,org.eclipse.pde.core,3.7.1.v20110822-2108,"org.eclipse.pde.core",1362231999855
started,bundle,org.eclipse.wst.jsdt.core,1.1.102.v201111090634,"org.eclipse.wst.jsdt.core",1362231999923
started,bundle,org.eclipse.wst.server.core,1.1.304.v20120208_1420,"org.eclipse.wst.server.core",1362231999930
started,bundle,org.eclipse.jst.common.project.facet.core,1.4.200.v201103170302,"org.eclipse.jst.common.project.facet.core",1362232000020
started,bundle,org.eclipse.jst.ws.jaxrs.core,1.0.301.v201108240656,"org.eclipse.jst.ws.jaxrs.core",1362232000022
started,bundle,org.eclipse.equinox.p2.garbagecollector,1.0.200.v20110510,"org.eclipse.equinox.p2.garbagecollector",1362232000120
activated,workbench,org.eclipse.ui.workbench,3.7.0.I20110519-0100,"",1362232000319
started,bundle,org.eclipse.jdt.apt.core,3.3.500.v20110420-1015,"org.eclipse.jdt.apt.core",1362232000505
started,bundle,org.eclipse.jdt.apt.pluggable.core,1.0.400.v20110305-1450,"org.eclipse.jdt.apt.pluggable.core",1362232000509
started,bundle,org.eclipse.wb.core.lib,1.1.0.r37x201109091012,"org.eclipse.wb.core.lib",1362232000802
started,bundle,org.eclipse.wb.core,1.1.0.r37x201109091012,"org.eclipse.wb.core",1362232000818
started,bundle,org.eclipse.wst.ws.service.policy.ui,1.0.300.v201108240515,"org.eclipse.wst.ws.service.policy.ui",1362232001409
started,bundle,org.eclipse.wst.ws.service.policy,1.0.303.v201009221810,"org.eclipse.wst.ws.service.policy",1362232001411
started,bundle,org.eclipse.wst.command.env,1.0.409.v201004211805,"org.eclipse.wst.command.env",1362232001420
started,bundle,org.eclipse.wst.ws,1.1.203.v201004211805,"org.eclipse.wst.ws",1362232001421
started,bundle,org.eclipse.wst.common.frameworks.ui,1.2.100.v201105122000,"org.eclipse.wst.common.frameworks.ui",1362232001497
started,bundle,org.eclipse.wst.common.core,1.2.0.v200908252030,"org.eclipse.wst.common.core",1362232001498
started,bundle,org.eclipse.ltk.core.refactoring,3.5.201.r371_v20110824-0800,"org.eclipse.ltk.core.refactoring",1362232001511
started,bundle,org.eclipse.ltk.ui.refactoring,3.6.0.v20110505-0800,"org.eclipse.ltk.ui.refactoring",1362232001514
started,bundle,org.eclipse.compare.core,3.5.200.I20110208-0800,"org.eclipse.compare.core",1362232001578
started,bundle,org.eclipse.compare,3.5.201.R37x_v20110817-0800,"org.eclipse.compare",1362232001582
deactivated,workbench,org.eclipse.ui.workbench,3.7.0.I20110519-0100,"",1362232003548
activated,workbench,org.eclipse.ui.workbench,3.7.0.I20110519-0100,"",1362232009378
deactivated,workbench,org.eclipse.ui.workbench,3.7.0.I20110519-0100,"",1362232012049
activated,workbench,org.eclipse.ui.workbench,3.7.0.I20110519-0100,"",1362232024218
deactivated,workbench,org.eclipse.ui.workbench,3.7.0.I20110519-0100,"",1362232025449
activated,workbench,org.eclipse.ui.workbench,3.7.0.I20110519-0100,"",1362232026532
deactivated,workbench,org.eclipse.ui.workbench,3.7.0.I20110519-0100,"",1362232029512
activated,workbench,org.eclipse.ui.workbench,3.7.0.I20110519-0100,"",1362232031741
deactivated,workbench,org.eclipse.ui.workbench,3.7.0.I20110519-0100,"",1362232035482
activated,workbench,org.eclipse.ui.workbench,3.7.0.I20110519-0100,"",1362232042015
opened,editor,org.eclipse.jdt.ui,3.7.1.r371_v20110824-0800,"org.eclipse.jdt.ui.CompilationUnitEditor",1362232048978
activated,editor,org.eclipse.jdt.ui,3.7.1.r371_v20110824-0800,"org.eclipse.jdt.ui.CompilationUnitEditor",1362232049054
started,bundle,org.eclipse.jdt.junit,3.7.0.v20110505-0800,"org.eclipse.jdt.junit",1362232049137
started,bundle,org.eclipse.core.variables,3.2.500.v20110511,"org.eclipse.core.variables",1362232049572
activated,view,org.eclipse.jdt.ui,3.7.1.r371_v20110824-0800,"org.eclipse.jdt.ui.PackageExplorer",1362232053450
closed,editor,org.eclipse.jdt.ui,3.7.1.r371_v20110824-0800,"org.eclipse.jdt.ui.CompilationUnitEditor",1362232053450
opened,editor,org.eclipse.jdt.ui,3.7.1.r371_v20110824-0800,"org.eclipse.jdt.ui.CompilationUnitEditor",1362232060075
activated,editor,org.eclipse.jdt.ui,3.7.1.r371_v20110824-0800,"org.eclipse.jdt.ui.CompilationUnitEditor",1362232060125
started,bundle,org.eclipse.debug.ui,3.7.101.v20110817_r371,"org.eclipse.debug.ui",1362232063580
started,bundle,org.eclipse.wst.server.ui,1.3.0.v20120210_1439,"org.eclipse.wst.server.ui",1362232063656
started,bundle,org.eclipse.jdt.debug,3.7.1.v20110802_r371,"org.eclipse.jdt.debug",1362232063743
started,bundle,org.eclipse.jdt.debug.ui,3.6.1.v20110803_r371,"org.eclipse.jdt.debug.ui",1362232063797
deactivated,workbench,org.eclipse.ui.workbench,3.7.0.I20110519-0100,"",1362232064596
activated,workbench,org.eclipse.ui.workbench,3.7.0.I20110519-0100,"",1362232187400
executed,command,org.eclipse.ui,3.7.0.I20110602-0100,"org.eclipse.ui.edit.delete",1362232193104
executed,command,org.eclipse.ui,3.7.0.I20110602-0100,"org.eclipse.ui.edit.delete",1362232194618
executed,command,org.eclipse.ui,3.7.0.I20110602-0100,"org.eclipse.ui.file.save",1362232200905
started,bundle,org.eclipse.wst.common.frameworks,1.2.102.v201201190400,"org.eclipse.wst.common.frameworks",1362232201073
started,bundle,org.eclipse.wst.common.emf,1.2.100.v201101101900,"org.eclipse.wst.common.emf",1362232201077
started,bundle,org.eclipse.jem.util,2.1.100.v201103021400,"org.eclipse.jem.util",1362232201084
started,bundle,org.eclipse.wst.common.emfworkbench.integration,1.2.101.v201107140600,"org.eclipse.wst.common.emfworkbench.integration",1362232201087
started,bundle,org.eclipse.wst.common.modulecore,1.2.103.v201201190400,"org.eclipse.wst.common.modulecore",1362232201101
deactivated,workbench,org.eclipse.ui.workbench,3.7.0.I20110519-0100,"",1362232202614
activated,workbench,org.eclipse.ui.workbench,3.7.0.I20110519-0100,"",1362232247353
deactivated,workbench,org.eclipse.ui.workbench,3.7.0.I20110519-0100,"",1362232282657
activated,workbench,org.eclipse.ui.workbench,3.7.0.I20110519-0100,"",1362232284675
deactivated,workbench,org.eclipse.ui.workbench,3.7.0.I20110519-0100,"",1362232286922
activated,workbench,org.eclipse.ui.workbench,3.7.0.I20110519-0100,"",1362232324788
executed,command,org.eclipse.jdt.ui,3.7.1.r371_v20110824-0800,"org.eclipse.jdt.ui.edit.text.java.organize.imports",1362232346536
started,bundle,org.eclipse.mylyn.ide.ui,3.6.0.v20110608-1400,"org.eclipse.mylyn.ide.ui",1362232348994
started,bundle,org.eclipse.jpt.jaxb.ui,1.1.1.v201108080010,"org.eclipse.jpt.jaxb.ui",1362232349030
started,bundle,org.eclipse.jpt.jpa.ui,3.0.1.v201108080010,"org.eclipse.jpt.jpa.ui",1362232349049
started,bundle,org.eclipse.jpt.common.core,1.0.1.v201108080010,"org.eclipse.jpt.common.core",1362232349085
started,bundle,org.eclipse.jpt.jpa.core,3.0.1.v201109073010,"org.eclipse.jpt.jpa.core",1362232349095
started,bundle,org.eclipse.jst.ws.jaxws.ui,1.0.100.v201104032053,"org.eclipse.jst.ws.jaxws.ui",1362232349128
started,bundle,org.eclipse.mylyn.java.ui,3.6.0.v20110608-1400,"org.eclipse.mylyn.java.ui",1362232349137
started,bundle,org.eclipse.pde.api.tools,1.0.301.v20110728_r371,"org.eclipse.pde.api.tools",1362232349192
started,bundle,org.eclipse.pde.api.tools.ui,1.0.301.v20110803_r371,"org.eclipse.pde.api.tools.ui",1362232349199
started,bundle,org.eclipse.jpt.jaxb.core,1.0.1.v201108080010,"org.eclipse.jpt.jaxb.core",1362232349520
executed,command,org.eclipse.ui,3.7.0.I20110602-0100,"org.eclipse.ui.edit.text.contentAssist.proposals",1362232360546
deactivated,workbench,org.eclipse.ui.workbench,3.7.0.I20110519-0100,"",1362232361784
activated,workbench,org.eclipse.ui.workbench,3.7.0.I20110519-0100,"",1362232363200
executed,command,org.eclipse.jdt.ui,3.7.1.r371_v20110824-0800,"org.eclipse.jdt.ui.edit.text.java.organize.imports",1362232375269
deactivated,workbench,org.eclipse.ui.workbench,3.7.0.I20110519-0100,"",1362232396558
activated,workbench,org.eclipse.ui.workbench,3.7.0.I20110519-0100,"",1362232455432
executed,command,org.eclipse.ui,3.7.0.I20110602-0100,"org.eclipse.ui.edit.text.contentAssist.proposals",1362232464424
started,bundle,org.eclipse.mylyn.java.tasks,3.6.0.v20110608-1400,"org.eclipse.mylyn.java.tasks",1362232480698
executed,command,org.eclipse.ui,3.7.0.I20110602-0100,"org.eclipse.ui.file.save",1362232480902
deactivated,workbench,org.eclipse.ui.workbench,3.7.0.I20110519-0100,"",1362232497964
activated,workbench,org.eclipse.ui.workbench,3.7.0.I20110519-0100,"",1362232498284
executed,command,org.eclipse.ui,3.7.0.I20110602-0100,"org.eclipse.ui.file.save",1362232510410
executed,command,org.eclipse.ui,3.7.0.I20110602-0100,"org.eclipse.ui.edit.delete",1362232525875
executed,command,org.eclipse.ui,3.7.0.I20110602-0100,"org.eclipse.ui.edit.delete",1362232527360
executed,command,org.eclipse.ui,3.7.0.I20110602-0100,"org.eclipse.ui.edit.delete",1362232527496
executed,command,org.eclipse.ui,3.7.0.I20110602-0100,"org.eclipse.ui.edit.undo",1362232534812
executed,command,org.eclipse.ui,3.7.0.I20110602-0100,"org.eclipse.ui.edit.undo",1362232534965
executed,command,org.eclipse.ui,3.7.0.I20110602-0100,"org.eclipse.ui.edit.undo",1362232535162
executed,command,org.eclipse.ui,3.7.0.I20110602-0100,"org.eclipse.ui.edit.undo",1362232535567
deactivated,workbench,org.eclipse.ui.workbench,3.7.0.I20110519-0100,"",1362232537498
activated,workbench,org.eclipse.ui.workbench,3.7.0.I20110519-0100,"",1362232543724
executed,command,org.eclipse.ui,3.7.0.I20110602-0100,"org.eclipse.ui.edit.delete",1362232544628
executed,command,org.eclipse.ui,3.7.0.I20110602-0100,"org.eclipse.ui.edit.delete",1362232547126
executed,command,org.eclipse.ui,3.7.0.I20110602-0100,"org.eclipse.ui.edit.delete",1362232547261
executed,command,org.eclipse.ui,3.7.0.I20110602-0100,"org.eclipse.ui.edit.delete",1362232547434
executed,command,org.eclipse.ui,3.7.0.I20110602-0100,"org.eclipse.ui.file.save",1362232548702
deactivated,workbench,org.eclipse.ui.workbench,3.7.0.I20110519-0100,"",1362232550287
activated,workbench,org.eclipse.ui.workbench,3.7.0.I20110519-0100,"",1362232557198
deactivated,workbench,org.eclipse.ui.workbench,3.7.0.I20110519-0100,"",1362232558587
activated,workbench,org.eclipse.ui.workbench,3.7.0.I20110519-0100,"",1362232574002
deactivated,workbench,org.eclipse.ui.workbench,3.7.0.I20110519-0100,"",1362232580680
activated,workbench,org.eclipse.ui.workbench,3.7.0.I20110519-0100,"",1362232580951
executed,command,org.eclipse.ui,3.7.0.I20110602-0100,"org.eclipse.ui.file.save",1362232583463
deactivated,workbench,org.eclipse.ui.workbench,3.7.0.I20110519-0100,"",1362232584276
activated,workbench,org.eclipse.ui.workbench,3.7.0.I20110519-0100,"",1362232589269
deactivated,workbench,org.eclipse.ui.workbench,3.7.0.I20110519-0100,"",1362232592508
activated,workbench,org.eclipse.ui.workbench,3.7.0.I20110519-0100,"",1362232605752
deactivated,workbench,org.eclipse.ui.workbench,3.7.0.I20110519-0100,"",1362232607181
activated,workbench,org.eclipse.ui.workbench,3.7.0.I20110519-0100,"",1362232624539
executed,command,org.eclipse.ui,3.7.0.I20110602-0100,"org.eclipse.ui.edit.text.contentAssist.proposals",1362232645535
deactivated,workbench,org.eclipse.ui.workbench,3.7.0.I20110519-0100,"",1362232646170
activated,workbench,org.eclipse.ui.workbench,3.7.0.I20110519-0100,"",1362232646680
executed,command,org.eclipse.ui,3.7.0.I20110602-0100,"org.eclipse.ui.file.save",1362232648898
executed,command,org.eclipse.ui,3.7.0.I20110602-0100,"org.eclipse.ui.file.save",1362232652719
executed,command,org.eclipse.ui,3.7.0.I20110602-0100,"org.eclipse.ui.edit.cut",1362232656193
executed,command,org.eclipse.ui,3.7.0.I20110602-0100,"org.eclipse.ui.edit.delete",1362232657474
executed,command,org.eclipse.ui,3.7.0.I20110602-0100,"org.eclipse.ui.edit.paste",1362232660200
executed,command,org.eclipse.ui,3.7.0.I20110602-0100,"org.eclipse.ui.file.save",1362232670980
executed,command,org.eclipse.ui,3.7.0.I20110602-0100,"org.eclipse.ui.file.save",1362232680965
executed,command,org.eclipse.ui,3.7.0.I20110602-0100,"org.eclipse.ui.edit.text.contentAssist.proposals",1362232706727
deactivated,workbench,org.eclipse.ui.workbench,3.7.0.I20110519-0100,"",1362232718695
activated,workbench,org.eclipse.ui.workbench,3.7.0.I20110519-0100,"",1362232719259
deactivated,workbench,org.eclipse.ui.workbench,3.7.0.I20110519-0100,"",1362232724901
activated,workbench,org.eclipse.ui.workbench,3.7.0.I20110519-0100,"",1362232725629
executed,command,org.eclipse.ui,3.7.0.I20110602-0100,"org.eclipse.ui.edit.text.contentAssist.proposals",1362232739152
deactivated,workbench,org.eclipse.ui.workbench,3.7.0.I20110519-0100,"",1362232751690
activated,workbench,org.eclipse.ui.workbench,3.7.0.I20110519-0100,"",1362232756443
executed,command,org.eclipse.ui,3.7.0.I20110602-0100,"org.eclipse.ui.edit.text.contentAssist.proposals",1362232757873
executed,command,org.eclipse.ui,3.7.0.I20110602-0100,"org.eclipse.ui.edit.text.contentAssist.proposals",1362232760040
deactivated,workbench,org.eclipse.ui.workbench,3.7.0.I20110519-0100,"",1362232761118
activated,workbench,org.eclipse.ui.workbench,3.7.0.I20110519-0100,"",1362232761445
executed,command,org.eclipse.ui,3.7.0.I20110602-0100,"org.eclipse.ui.edit.text.contentAssist.proposals",1362232771856
deactivated,workbench,org.eclipse.ui.workbench,3.7.0.I20110519-0100,"",1362232772911
activated,workbench,org.eclipse.ui.workbench,3.7.0.I20110519-0100,"",1362232773422
executed,command,org.eclipse.ui,3.7.0.I20110602-0100,"org.eclipse.ui.file.save",1362232777237
deactivated,workbench,org.eclipse.ui.workbench,3.7.0.I20110519-0100,"",1362232779197
activated,workbench,org.eclipse.ui.workbench,3.7.0.I20110519-0100,"",1362232905129
deactivated,workbench,org.eclipse.ui.workbench,3.7.0.I20110519-0100,"",1362232906144
activated,workbench,org.eclipse.ui.workbench,3.7.0.I20110519-0100,"",1362233014493
activated,view,org.eclipse.ui.console,3.5.100.v20110511,"org.eclipse.ui.console.ConsoleView",1362233016124
deactivated,workbench,org.eclipse.ui.workbench,3.7.0.I20110519-0100,"",1362233017604
activated,workbench,org.eclipse.ui.workbench,3.7.0.I20110519-0100,"",1362233026409
